[
	{
		"time": "2022-10-29T21:47:19Z",
		"title": "Error",
		"url": "https://informagicayhacking.com/"
	},
	{
		"time": "2022-10-29T22:12:07Z",
		"title": "Error",
		"url": "https://informagicayhacking.com/"
	},
	{
		"time": "2022-10-30T03:39:53Z",
		"title": "https://nahfercomunity.000webhostapp.com/",
		"url": "https://nahfercomunity.000webhostapp.com/"
	},
	{
		"time": "2022-10-30T03:40:10Z",
		"title": "https://nahfercomunity.000webhostapp.com/pages/tools.html",
		"url": "https://nahfercomunity.000webhostapp.com/pages/tools.html"
	},
	{
		"time": "2022-10-30T03:40:17Z",
		"title": "https://nahfercomunity.000webhostapp.com/pages/menu_tools/apps_windows_hack.html",
		"url": "https://nahfercomunity.000webhostapp.com/pages/menu_tools/apps_windows_hack.html"
	},
	{
		"time": "2022-10-30T03:40:35Z",
		"title": "https://nahfercomunity.000webhostapp.com/pages/linux.html",
		"url": "https://nahfercomunity.000webhostapp.com/pages/linux.html"
	},
	{
		"time": "2022-10-30T03:40:45Z",
		"title": "https://nahfercomunity.000webhostapp.com/pages/cursos.html",
		"url": "https://nahfercomunity.000webhostapp.com/pages/cursos.html"
	},
	{
		"time": "2022-10-30T03:40:52Z",
		"title": "https://nahfercomunity.000webhostapp.com/pages/cursos_pdf/programacion/programacion.html",
		"url": "https://nahfercomunity.000webhostapp.com/pages/cursos_pdf/programacion/programacion.html"
	},
	{
		"time": "2022-10-30T03:41:00Z",
		"title": "Nahfer-pdf-gratis",
		"url": "https://nahfercomunity.000webhostapp.com/pages/cursos_pdf/programacion/python/index.html"
	},
	{
		"time": "2022-11-02T03:47:16Z",
		"title": "https://nahfercomunity.000webhostapp.com/",
		"url": "https://nahfercomunity.000webhostapp.com/"
	}
]
