<?xml version="1.0" encoding="UTF-8"?>

<channel name="xfce4-panel" version="1.0">
  <property name="configver" type="int" value="2"/>
  <property name="panels" type="array">
    <value type="int" value="1"/>
    <value type="int" value="2"/>
    <value type="int" value="3"/>
    <property name="panel-1" type="empty">
      <property name="position" type="string" value="p=8;x=960;y=1066"/>
      <property name="length" type="uint" value="100"/>
      <property name="position-locked" type="bool" value="true"/>
      <property name="icon-size" type="uint" value="35"/>
      <property name="size" type="uint" value="38"/>
      <property name="plugin-ids" type="array">
        <value type="int" value="1"/>
        <value type="int" value="2"/>
        <value type="int" value="3"/>
        <value type="int" value="4"/>
        <value type="int" value="5"/>
        <value type="int" value="6"/>
        <value type="int" value="8"/>
        <value type="int" value="10"/>
        <value type="int" value="11"/>
        <value type="int" value="12"/>
        <value type="int" value="13"/>
        <value type="int" value="14"/>
      </property>
      <property name="background-style" type="uint" value="1"/>
      <property name="background-rgba" type="array">
        <value type="double" value="0.000000"/>
        <value type="double" value="0.000000"/>
        <value type="double" value="0.000000"/>
        <value type="double" value="1.000000"/>
      </property>
      <property name="background-color" type="array">
        <value type="uint" value="0"/>
        <value type="uint" value="0"/>
        <value type="uint" value="0"/>
        <value type="uint" value="65535"/>
      </property>
    </property>
    <property name="panel-2" type="empty">
      <property name="autohide-behavior" type="uint" value="1"/>
      <property name="position" type="string" value="p=11;x=1031;y=31"/>
      <property name="position-locked" type="bool" value="true"/>
      <property name="size" type="uint" value="53"/>
      <property name="plugin-ids" type="array">
        <value type="int" value="16"/>
        <value type="int" value="17"/>
        <value type="int" value="21"/>
        <value type="int" value="19"/>
        <value type="int" value="18"/>
        <value type="int" value="15"/>
        <value type="int" value="20"/>
      </property>
      <property name="background-style" type="uint" value="1"/>
      <property name="background-rgba" type="array">
        <value type="double" value="0.000000"/>
        <value type="double" value="0.000000"/>
        <value type="double" value="0.000000"/>
        <value type="double" value="1.000000"/>
      </property>
      <property name="icon-size" type="uint" value="0"/>
      <property name="background-color" type="array">
        <value type="uint" value="0"/>
        <value type="uint" value="0"/>
        <value type="uint" value="0"/>
        <value type="uint" value="65535"/>
      </property>
    </property>
    <property name="panel-3" type="empty">
      <property name="position" type="string" value="p=2;x=1824;y=25"/>
      <property name="size" type="uint" value="50"/>
      <property name="position-locked" type="bool" value="true"/>
      <property name="mode" type="uint" value="1"/>
      <property name="length" type="uint" value="24"/>
      <property name="background-style" type="uint" value="1"/>
      <property name="background-rgba" type="array">
        <value type="double" value="0.000000"/>
        <value type="double" value="0.000000"/>
        <value type="double" value="0.000000"/>
        <value type="double" value="1.000000"/>
      </property>
      <property name="plugin-ids" type="array">
        <value type="int" value="29"/>
        <value type="int" value="25"/>
        <value type="int" value="27"/>
        <value type="int" value="33"/>
        <value type="int" value="26"/>
        <value type="int" value="30"/>
      </property>
      <property name="background-color" type="array">
        <value type="uint" value="0"/>
        <value type="uint" value="0"/>
        <value type="uint" value="0"/>
        <value type="uint" value="65535"/>
      </property>
    </property>
  </property>
  <property name="plugins" type="empty">
    <property name="plugin-1" type="string" value="applicationsmenu">
      <property name="button-icon" type="string" value="/root/.config/Nahfer_config/icons/matrix.png"/>
    </property>
    <property name="plugin-2" type="string" value="tasklist">
      <property name="grouping" type="uint" value="1"/>
    </property>
    <property name="plugin-3" type="string" value="separator">
      <property name="expand" type="bool" value="true"/>
      <property name="style" type="uint" value="0"/>
    </property>
    <property name="plugin-4" type="string" value="pager"/>
    <property name="plugin-5" type="string" value="separator">
      <property name="style" type="uint" value="0"/>
    </property>
    <property name="plugin-6" type="string" value="systray">
      <property name="show-frame" type="bool" value="false"/>
      <property name="square-icons" type="bool" value="true"/>
      <property name="names-visible" type="array">
        <value type="string" value="thunar"/>
      </property>
    </property>
    <property name="plugin-8" type="string" value="pulseaudio">
      <property name="enable-keyboard-shortcuts" type="bool" value="true"/>
      <property name="show-notifications" type="bool" value="true"/>
      <property name="mpris-players" type="string" value="audacious"/>
    </property>
    <property name="plugin-10" type="string" value="notification-plugin"/>
    <property name="plugin-11" type="string" value="separator">
      <property name="style" type="uint" value="0"/>
    </property>
    <property name="plugin-12" type="string" value="clock"/>
    <property name="plugin-13" type="string" value="separator">
      <property name="style" type="uint" value="0"/>
    </property>
    <property name="plugin-14" type="string" value="actions"/>
    <property name="plugin-16" type="string" value="separator">
      <property name="style" type="uint" value="1"/>
    </property>
    <property name="plugin-17" type="string" value="launcher">
      <property name="items" type="array">
        <value type="string" value="16671990211.desktop"/>
      </property>
    </property>
    <property name="plugin-19" type="string" value="launcher">
      <property name="items" type="array">
        <value type="string" value="16672730341.desktop"/>
      </property>
    </property>
    <property name="plugin-21" type="string" value="separator">
      <property name="style" type="uint" value="1"/>
    </property>
    <property name="plugin-15" type="string" value="launcher">
      <property name="items" type="array">
        <value type="string" value="16672734795.desktop"/>
      </property>
    </property>
    <property name="plugin-18" type="string" value="separator">
      <property name="style" type="uint" value="1"/>
    </property>
    <property name="plugin-20" type="string" value="separator">
      <property name="style" type="uint" value="1"/>
    </property>
    <property name="plugin-25" type="string" value="launcher">
      <property name="items" type="array">
        <value type="string" value="16672737206.desktop"/>
      </property>
    </property>
    <property name="plugin-26" type="string" value="launcher">
      <property name="items" type="array">
        <value type="string" value="16672739997.desktop"/>
      </property>
    </property>
    <property name="plugin-27" type="string" value="launcher">
      <property name="items" type="array">
        <value type="string" value="16672741129.desktop"/>
      </property>
    </property>
    <property name="plugin-29" type="string" value="launcher">
      <property name="items" type="array">
        <value type="string" value="16672740308.desktop"/>
      </property>
    </property>
    <property name="plugin-30" type="string" value="directorymenu">
      <property name="base-directory" type="string" value="/root"/>
    </property>
    <property name="plugin-33" type="string" value="launcher">
      <property name="items" type="array">
        <value type="string" value="166727450010.desktop"/>
      </property>
    </property>
  </property>
</channel>
