{
	"currentIndex": 1,
	"title": "",
	"windows": [
		{
			"currentIndex": 2,
			"geometry": "AdnQywADAAAAAACIAAAAUwAAAw8AAAJLAAAAjAAAAGgAAAMLAAACRwAAAAAAAAAAB4AAAACMAAAAaAAAAwsAAAJH",
			"toolBars": [
				{
					"fullScreenVisibility": "hidden",
					"identifier": "MenuBar",
					"normalVisibility": "visible"
				},
				{
					"fullScreenVisibility": "hidden",
					"identifier": "AddressBar",
					"normalVisibility": "visible"
				},
				{
					"fullScreenVisibility": "visible",
					"identifier": "ProgressBar",
					"normalVisibility": "visible"
				},
				{
					"fullScreenVisibility": "hidden",
					"identifier": "StatusBar",
					"normalVisibility": "visible"
				},
				{
					"fullScreenVisibility": "hidden",
					"identifier": "SideBar",
					"location": "left",
					"normalVisibility": "hidden",
					"row": 0
				},
				{
					"fullScreenVisibility": "visible",
					"identifier": "TabBar",
					"location": "top",
					"normalVisibility": "visible",
					"row": 0
				},
				{
					"fullScreenVisibility": "hidden",
					"identifier": "BookmarksBar",
					"location": "top",
					"normalVisibility": "hidden",
					"row": 1
				},
				{
					"fullScreenVisibility": "hidden",
					"identifier": "ErrorConsoleBar",
					"location": "bottom",
					"normalVisibility": "hidden",
					"row": 0
				}
			],
			"windows": [
				{
					"currentIndex": 4,
					"history": [
						{
							"title": "",
							"url": "https://nahfercomunity.000webhostapp.com/",
							"zoom": 100
						},
						{
							"title": "",
							"url": "https://nahfercomunity.000webhostapp.com/pages/cursos.html",
							"zoom": 100
						},
						{
							"title": "",
							"url": "https://nahfercomunity.000webhostapp.com/pages/cursos_pdf/programacion/programacion.html",
							"zoom": 100
						},
						{
							"position": "0, 115",
							"title": "Nahfer-pdf-gratis",
							"url": "https://nahfercomunity.000webhostapp.com/pages/cursos_pdf/programacion/python/index.html",
							"zoom": 79
						}
					],
					"options": {
						"Search/DefaultSearchEngine": "duckduckgo"
					},
					"state": "maximized"
				},
				{
					"currentIndex": 1,
					"history": [
						{
							"position": "0, 933",
							"title": "",
							"url": "https://nahfercomunity.000webhostapp.com/",
							"zoom": 100
						}
					],
					"options": {
						"Search/DefaultSearchEngine": "duckduckgo"
					},
					"state": "maximized"
				}
			]
		}
	]
}
